mean_fit_time,std_fit_time,mean_score_time,std_score_time,param_subsample,param_min_child_weight,param_max_depth,param_gamma,param_colsample_bytree,params,split0_test_score,split1_test_score,split2_test_score,mean_test_score,std_test_score,rank_test_score
27.895715872446697,0.18131922592672844,0.3139565785725911,0.013493937747132114,1.0,5,3,5,1.0,"{'subsample': 1.0, 'min_child_weight': 5, 'max_depth': 3, 'gamma': 5, 'colsample_bytree': 1.0}",0.8381159808908242,0.832711630272892,0.8307968190038391,0.8338748100558518,0.0030991690378324127,5
40.2190203666687,1.2873376704475195,0.6451369921366373,0.006808978234571656,0.6,1,5,1.5,0.8,"{'subsample': 0.6, 'min_child_weight': 1, 'max_depth': 5, 'gamma': 1.5, 'colsample_bytree': 0.8}",0.8413097507011694,0.8354659452155213,0.8332067170229455,0.8366608043132121,0.003414240266404685,2
35.84003194173177,1.0349069924522536,0.6295212109883627,0.013824746487204418,0.8,5,5,1,0.8,"{'subsample': 0.8, 'min_child_weight': 5, 'max_depth': 5, 'gamma': 1, 'colsample_bytree': 0.8}",0.841257991252335,0.8357077582843827,0.8332696630181375,0.8367451375182849,0.0033426998818837142,1
25.596898555755615,0.14131251452567745,0.573563814163208,0.0033181623978500857,1.0,5,5,5,0.6,"{'subsample': 1.0, 'min_child_weight': 5, 'max_depth': 5, 'gamma': 5, 'colsample_bytree': 0.6}",0.8410430238877111,0.8348858219611516,0.8326097273020553,0.8361795243836393,0.0035623374623853944,4
32.76823425292969,0.1708210197107154,0.4096175829569499,0.0051862631497128,0.8,1,4,1,1.0,"{'subsample': 0.8, 'min_child_weight': 1, 'max_depth': 4, 'gamma': 1, 'colsample_bytree': 1.0}",0.8406674555889808,0.8349987135786813,0.8328846921098036,0.836183620425822,0.0032859148924365093,3
